,INITIAL,addJsonUsingPOST_1,addUsingPOST,cartUsingGET,checkoutUsingGET,clearanceUsingGET,doLoginUsingPOST,homeUsingGET,hotSaucesDetailsUsingGET,hotSaucesOverviewUsingGET,loginUsingGET,logoutUsingGET,mensUsingGET,merchandiseDetailsUsingGET,merchandiseOverviewUsingGET,miniCartUsingGET,moveItemToCartUsingPOST,moveListToCartUsingPOST,pricingSummaryUsingGET,processPassthroughCheckoutUsingPOST,removeItemFromWishlistUsingGET,removeUsingGET,saveSingleShipUsingPOST,searchUsingGET,updateQuantityFromWishlistUsingPOST,updateQuantityUsingPOST,viewAccountWishlistUsingGET,viewChangePasswordUsingGET,viewCustomerAddressesUsingGET,viewCustomerPaymentsUsingGET,viewOrderDetailsUsingGET,viewOrderHistoryUsingGET,viewUpdateAccountUsingGET,womensUsingGET,$
INITIAL*,0,0,0,1,0,1,0,1,0,1,0,0,1,0,1,0,0,0,0,0,0,0,0,0,0,0,0,0,0,0,0,0,0,1,0
addJsonUsingPOST_1,0,1,0,1,0,1,0,1,1,1,1,1,1,1,1,0,0,0,0,0,0,0,0,1,0,0,1,1,1,1,0,1,1,1,1
addUsingPOST,0,0,0,1,0,1,0,1,1,1,1,1,1,1,1,1,0,0,0,0,0,0,0,1,0,0,0,0,0,0,0,0,0,1,1
cartUsingGET,0,0,0,1,1,1,0,1,1,1,1,1,1,1,1,0,0,0,0,0,0,1,0,1,0,1,0,0,0,0,0,0,0,1,1
checkoutUsingGET,0,0,0,1,0,1,0,1,1,1,1,1,1,1,1,0,0,0,0,0,0,0,1,1,0,0,0,0,0,0,0,0,0,1,1
clearanceUsingGET,0,0,1,1,0,1,0,1,1,1,1,1,1,1,1,0,0,0,0,0,0,0,0,1,0,0,0,0,0,0,0,0,0,1,1
doLoginUsingPOST,0,1,0,1,0,1,0,1,1,1,1,1,1,1,1,0,0,0,0,0,0,0,0,1,0,0,1,1,1,1,0,1,1,1,1
homeUsingGET,0,0,1,1,0,1,0,1,1,1,1,1,1,1,1,0,0,0,0,0,0,0,0,1,0,0,0,0,0,0,0,0,0,1,1
hotSaucesDetailsUsingGET,0,0,1,1,0,1,0,1,1,1,1,1,1,1,1,0,0,0,0,0,0,0,0,1,0,0,0,0,0,0,0,0,0,1,1
hotSaucesOverviewUsingGET,0,0,1,1,0,1,0,1,1,1,1,1,1,1,1,0,0,0,0,0,0,0,0,1,0,0,0,0,0,0,0,0,0,1,1
loginUsingGET,0,0,0,1,0,1,1,1,1,1,1,1,1,1,1,0,0,0,0,0,0,0,0,1,0,0,0,0,0,0,0,0,0,1,1
logoutUsingGET,0,0,0,0,0,0,0,0,0,0,0,0,0,0,0,0,0,0,0,0,0,0,0,0,0,0,0,0,0,0,0,0,0,0,1
mensUsingGET,0,0,1,1,0,1,0,1,1,1,1,1,1,1,1,0,0,0,0,0,0,0,0,1,0,0,0,0,0,0,0,0,0,1,1
merchandiseDetailsUsingGET,0,0,1,1,0,1,0,1,1,1,1,1,1,1,1,0,0,0,0,0,0,0,0,1,0,0,0,0,0,0,0,0,0,1,1
merchandiseOverviewUsingGET,0,0,1,1,0,1,0,1,1,1,1,1,1,1,1,0,0,0,0,0,0,0,0,1,0,0,0,0,0,0,0,0,0,1,1
miniCartUsingGET,0,0,0,1,1,1,0,1,1,1,1,1,1,1,1,0,0,0,0,0,0,0,0,1,0,0,0,0,0,0,0,0,0,1,1
moveItemToCartUsingPOST,0,1,0,1,0,1,0,1,1,1,1,1,1,1,1,0,0,0,0,0,0,0,0,1,0,0,1,1,1,1,0,1,1,1,1
moveListToCartUsingPOST,0,1,0,1,0,1,0,1,1,1,1,1,1,1,1,0,0,0,0,0,0,0,0,1,0,0,1,1,1,1,0,1,1,1,1
pricingSummaryUsingGET,0,0,0,1,0,1,0,1,1,1,1,1,1,1,1,0,0,0,0,1,0,0,0,1,0,0,0,0,0,0,0,0,0,1,1
processPassthroughCheckoutUsingPOST,0,0,0,1,0,1,0,1,1,1,1,1,1,1,1,0,0,0,0,0,0,0,0,1,0,0,0,0,0,0,0,0,0,1,1
removeItemFromWishlistUsingGET,0,1,0,1,0,1,0,1,1,1,1,1,1,1,1,0,0,0,0,0,0,0,0,1,0,0,1,1,1,1,0,1,1,1,1
removeUsingGET,0,0,0,0,0,0,0,0,0,0,1,1,0,0,0,1,0,0,0,0,0,0,0,0,0,0,0,0,0,0,0,0,0,0,0
saveSingleShipUsingPOST,0,0,0,1,0,1,0,1,1,1,1,1,1,1,1,0,0,0,1,0,0,0,0,1,0,0,0,0,0,0,0,0,0,1,1
searchUsingGET,0,0,1,1,0,1,0,1,1,1,1,1,1,1,1,0,0,0,0,0,0,0,0,1,0,0,0,0,0,0,0,0,0,1,1
updateQuantityFromWishlistUsingPOST,0,1,0,1,0,1,0,1,1,1,1,1,1,1,1,0,0,0,0,0,0,0,0,1,0,0,1,1,1,1,0,1,1,1,1
updateQuantityUsingPOST,0,0,0,0,0,0,0,0,0,0,1,1,0,0,0,1,0,0,0,0,0,0,0,0,0,0,0,0,0,0,0,0,0,0,0
viewAccountWishlistUsingGET,0,1,0,1,0,1,0,1,1,1,1,1,1,1,1,0,1,1,0,0,1,0,0,1,1,0,1,1,1,1,0,1,1,1,1
viewChangePasswordUsingGET,0,1,0,1,0,1,0,1,1,1,1,1,1,1,1,0,0,0,0,0,0,0,0,1,0,0,1,1,1,1,0,1,1,1,1
viewCustomerAddressesUsingGET,0,1,0,1,0,1,0,1,1,1,1,1,1,1,1,0,0,0,0,0,0,0,0,1,0,0,1,1,1,1,0,1,1,1,1
viewCustomerPaymentsUsingGET,0,1,0,1,0,1,0,1,1,1,1,1,1,1,1,0,0,0,0,0,0,0,0,1,0,0,1,1,1,1,0,1,1,1,1
viewOrderDetailsUsingGET,0,1,0,1,0,1,0,1,1,1,1,1,1,1,1,0,0,0,0,0,0,0,0,1,0,0,1,1,1,1,0,1,1,1,1
viewOrderHistoryUsingGET,0,1,0,1,0,1,0,1,1,1,1,1,1,1,1,0,0,0,0,0,0,0,0,1,0,0,1,1,1,1,1,1,1,1,1
viewUpdateAccountUsingGET,0,0,0,1,0,1,0,1,1,1,1,1,1,1,1,0,0,0,0,0,0,0,0,1,0,0,0,0,0,0,0,0,0,1,1
womensUsingGET,0,0,1,1,0,1,0,1,1,1,1,1,1,1,1,0,0,0,0,0,0,0,0,1,0,0,0,0,0,0,0,0,0,1,1